aDate;aDateEpochUnix;bTweetText;bTweetTextLang;cFromWhom;cToWhom;dataTweetId;dataPermalinkPath;dataUserId;dataName;dataScreenName;eProfileTweetActionReply;eProfileTweetActionRetweet;eProfileTweetActionFavorite;fSearchedWithThisKeyword
12 Sep 2015;1442101964;@FanchonF @CecileDuflot Oui mais l√† il est s√ªrement dispo en livre ET sur Internet. Supprimer une forme de pollution √ßa serait d√©j√† √ßa.;fr;Bibuu0  ü¶Ñ ;@Bibuu0;642848349901717504;https://twitter.com/Bibuu0/status/642848349901717504;60667834;Bibuu0 ü¶Ñ;Bibuu0;;;;pollution OR pollutions
12 Sep 2015;1442101622;@TylerSlaaay c la pollution qui fait sa;fr;666 evil bitches want my mentions ;@V_H_A_S;642846913646170113;https://twitter.com/V_H_A_S/status/642846913646170113;3235285556;666 evil bitches want my mentions;V_H_A_S;;;;pollution OR pollutions
12 Sep 2015;1442100837;Victimes de braconnage ou de pollution, les tortues sont les t√©moins de l‚Äô√©tat de nos oc√©ans http://fb.me/6L785y2ZD ;fr;infosreg ;@infosreg;642843623340568576;https://twitter.com/infosreg/status/642843623340568576;1239366186;infosreg;infosreg;;;;pollution OR pollutions
12 Sep 2015;1442100531;@mirway10 On est tous touch√©s par Ecologie ,ne serait ce que dans recyclage ou peur de la Pollution des mers ou air. ;fr;Mathilde ;@Mathilde_Klara;642842340072235009;https://twitter.com/Mathilde_Klara/status/642842340072235009;3054061793;Mathilde;Mathilde_Klara;1;;1;pollution OR pollutions
12 Sep 2015;1442100103;Je d√©teste cette ville, sa pollution, sa pluie et la gueule des gens. A tous ceux qui sont fiers d'√™tre parisiens;fr;Le J ;@juliebzn05;642840544482304000;https://twitter.com/juliebzn05/status/642840544482304000;3025603678;Le J;juliebzn05;;;;pollution OR pollutions
12 Sep 2015;1442099419;Bonjour ! Vous en avez ras le bol de la pollution de l'air?! Lisez le JDD, votez @emmacosse le 6/12 prochain #regionecolo;fr;jonathan sorel ;@J_Sorel;642837672424275969;https://twitter.com/J_Sorel/status/642837672424275969;35288476;jonathan sorel;J_Sorel;;6;2;pollution OR pollutions
12 Sep 2015;1442098742;Ils parlent pas d lobbyes d gros industriels du cac40 ....la pollution c toujours la faute d consommateurs c dr√¥le √ßa #onpc;fr;carole carole ;@lolitanienbloc;642834833807405057;https://twitter.com/lolitanienbloc/status/642834833807405057;2858838814;carole carole;lolitanienbloc;;1;1;pollution OR pollutions
12 Sep 2015;1442098692;Instant pipi-caca #ONPC Pourtant si on parle qualit√© de l'eau potable & pollution m√©dicamenteuse, ou prix du retraitement...√á√† fait - marrer;fr;VRwatchingU ;@VRwatchingU;642834624738013192;https://twitter.com/VRwatchingU/status/642834624738013192;366776796;VRwatchingU;VRwatchingU;;;;pollution OR pollutions
12 Sep 2015;1442098445;@lokitone1 Ce bloquage pourrait bien √™tre la preuve que les √©colos luttent vraiment contre la pollution !;fr;Christ.Ledieu ;@ChristLedieu;642833589311250432;https://twitter.com/ChristLedieu/status/642833589311250432;2149968134;Christ.Ledieu;ChristLedieu;1;;;pollution OR pollutions
12 Sep 2015;1442098178;Lib√©r√© de la pollution, le ciel de P√©kin se transforme et vire au bleu http://fb.me/2riyNx0vD ;fr;chantal ;@Buldozer;642832468488224769;https://twitter.com/Buldozer/status/642832468488224769;64094033;chantal;Buldozer;;;;pollution OR pollutions
12 Sep 2015;1442098132;On le paye d√©j√† Michel (les cancers dus √† la pollution atmosph√©rique, les r√©fugi√©s climatiques, la disparition d'esp√®ces...)#ONPC;fr;Aymeric Hebdo üåø üêøÔ∏è ;@ClasheurDeStars;642832277005799424;https://twitter.com/ClasheurDeStars/status/642832277005799424;2167399478;Aymeric HebdoüåøüêøÔ∏è;ClasheurDeStars;;;2;pollution OR pollutions
12 Sep 2015;1442097705;Jsais pas si c'est la pollution ou le domac qui me donne des boutons.;fr;supermaz ;@DatGalMaz;642830486369382400;https://twitter.com/DatGalMaz/status/642830486369382400;427143534;supermaz;DatGalMaz;;;;pollution OR pollutions
12 Sep 2015;1442097641;La plus grande pollution c est les politiciens l air serait plus respirable sans eux;fr;Carole Hatier ;@LVaglio631;642830216855949312;https://twitter.com/LVaglio631/status/642830216855949312;3559800143;Carole Hatier;LVaglio631;2;;1;pollution OR pollutions
12 Sep 2015;1442097517;#onpc #Moix qui parle d‚Äô√©cologie ..a t-il pens√© une seule seconde √† sa pollution verbale ..;fr;papounay ¬©  üêù‚òÖ ;@papounay2000;642829696909058048;https://twitter.com/papounay2000/status/642829696909058048;14764219;papounay ¬© üêù‚òÖ;papounay2000;;2;1;pollution OR pollutions
12 Sep 2015;1442096411;@DMialon mdrr toi tma tuer mais la on parle de la pollution , r√©chauffement climatique et de la d√©forestation;fr;Aaliyah ;@ShewnShine;642825058927398913;https://twitter.com/ShewnShine/status/642825058927398913;1876477681;Aaliyah;ShewnShine;1;;;pollution OR pollutions
12 Sep 2015;1442096110;Pollution mod√©r√©e (49) √† 21h. Habituel √† #Marseille. Profitez-en pour aller courir http://buff.ly/1OLiSdK  #airpollution;fr;[ ü§ñ] Plume Marseille ;@PlumeAMarseille;642823793526882305;https://twitter.com/PlumeAMarseille/status/642823793526882305;3067512083;[ü§ñ] Plume Marseille;PlumeAMarseille;;;;pollution OR pollutions
12 Sep 2015;1442096053;Noise Pollution#AC/DC #METAL #ROCK #GIBSON #RIVERSIDE #thunderstruck @ Riverside Municipal Auditorium https://instagram.com/p/7jALBiPX-z/ ;fr;Nero Ceasar ;@HailEmpire666;642823555491725312;https://twitter.com/HailEmpire666/status/642823555491725312;48261043;Nero Ceasar;HailEmpire666;;;;pollution OR pollutions
12 Sep 2015;1442096044;J'avais d'infimes projets de faire une licence a Paris mais la pollution ca ne me r√©ussi pas;fr;C√©line.lvs ;@CelineLVS19;642823518565085184;https://twitter.com/CelineLVS19/status/642823518565085184;2921221877;C√©line.lvs;CelineLVS19;;;;pollution OR pollutions
12 Sep 2015;1442096019;"Allez Duflot elle va encore dire ""les verts doivent se rassembler kinkinkin centrale nucl√©aire kinkinkin pollution""";fr;Sur le front un M ;@krissmoha;642823412881203201;https://twitter.com/krissmoha/status/642823412881203201;257682445;Sur le front un M;krissmoha;1;;1;pollution OR pollutions
12 Sep 2015;1442095887;R√©gionales : Emmanuelle Cosse veut 3 milliards d'euros contre la pollution de l'air. Et √ßa va changer quoi √† la pollution, le fric? Pfff...;fr;Num√©ro 6 ;@brunophg;642822860201922561;https://twitter.com/brunophg/status/642822860201922561;1965513367;Num√©ro 6;brunophg;;;;pollution OR pollutions
12 Sep 2015;1442095563;#grandfeu #saintcloud merci pour la pollution est cette fum√©e inadmissible !;fr;Laurent ;@lbsaignon;642821502518341632;https://twitter.com/lbsaignon/status/642821502518341632;364824745;Laurent;lbsaignon;;;;pollution OR pollutions
12 Sep 2015;1442093491;Stop √† la pollution intol√©rable de la d√©charge du Balan√ßan Signez la p√©tition svp https://secure.avaaz.org/fr/petition/Groupe_Pizzorno_Stop_a_la_pollution_intolerable_de_la_decharge_du_Balancan/?wRJOGfb ‚Ä¶;fr;Monika62 ;@MMonika62;642812809382916096;https://twitter.com/MMonika62/status/642812809382916096;348557033;Monika62;MMonika62;;;;pollution OR pollutions
12 Sep 2015;1442092782;Manifestation #ffmc le 10 oct. ¬´contre les interdictions de circulation des 2-RM en ville¬ª,  ¬´Le 2-RM est 1 solution, pas 1 pollution¬ª;fr;FFMC 73 ;@ffmc73;642809835197726720;https://twitter.com/ffmc73/status/642809835197726720;1166204204;FFMC 73;ffmc73;;;;pollution OR pollutions
12 Sep 2015;1442092533;#Pollution : la sant√© des employ√©s du m√©tro menac√©e ? un rapport de l' @ANSES_fr http://www.sciencesetavenir.fr/sante/20150910.OBS5605/pollution-la-sante-des-employes-du-metro-menacees.html ‚Ä¶;fr;Sircome ;@Sircome;642808793672368128;https://twitter.com/Sircome/status/642808793672368128;137981634;Sircome;Sircome;;1;;pollution OR pollutions
12 Sep 2015;1442092509;Pollution forte (52) √† 19h. Elev√© pour #Marseille. Activit√©s physiques √† √©viter si sensible http://buff.ly/1OL8OBH  #airpollution;fr;[ ü§ñ] Plume Marseille ;@PlumeAMarseille;642808693130661888;https://twitter.com/PlumeAMarseille/status/642808693130661888;3067512083;[ü§ñ] Plume Marseille;PlumeAMarseille;;1;;pollution OR pollutions
12 Sep 2015;1442092486;Pubert√© pr√©coce a cause de la pollution des 7 ans wai;fr;laulau¬≤ ;@itslaubrv;642808594631667713;https://twitter.com/itslaubrv/status/642808594631667713;870202718;laulau¬≤;itslaubrv;;;;pollution OR pollutions
12 Sep 2015;1442091224;Cela fait des sous. @BRosmini @antipub @VilledeGrenoble @EricPiolle @LucilleLheureux  #Pollution visuelle;fr;Babette Leforestier ;@Bablefo;642803301256429568;https://twitter.com/Bablefo/status/642803301256429568;344570776;Babette Leforestier;Bablefo;1;;;pollution OR pollutions
12 Sep 2015;1442090710;"R√©gionales : Emmanuelle Cosse veut ""trois milliards d‚Äôeuros contre la pollution de l'air"" http://bit.ly/1K3QUqs  LeJDD";fr;Toute la Presse ;@ToutelaPresse;642801147833520128;https://twitter.com/ToutelaPresse/status/642801147833520128;36345751;Toute la Presse;ToutelaPresse;1;1;1;pollution OR pollutions
12 Sep 2015;1442090496;P√©kin sous un ciel bleu azur : miracle? @Anne_Hidalgo voici ce qu‚Äôil reste √† faire pour que @Paris respire #pollution http://positivr.fr/pekin-ciel-bleu-pollution/ ‚Ä¶;fr;FJG ;@fjgrimault;642800250256756736;https://twitter.com/fjgrimault/status/642800250256756736;203605763;FJG;fjgrimault;;;;pollution OR pollutions
12 Sep 2015;1442090006;@jici ...sera bien plus fort pour lutter contre la pollution lorsqu'on aura le #PaysQc avec le contr√¥le de TOUS les leviers de d√©cision. 2/2;fr;Michel Laurence ;@MichelLaurence;642798193906970624;https://twitter.com/MichelLaurence/status/642798193906970624;251831914;Michel Laurence;MichelLaurence;1;;;pollution OR pollutions
12 Sep 2015;1442089919;@jici Tr√®s sympathique quand tu parles du Parti Vert. Mais quand tu dis que la pollution ne conna√Æt pas de fronti√®re, tu oublies qu'on...1/2;fr;Michel Laurence ;@MichelLaurence;642797828243345409;https://twitter.com/MichelLaurence/status/642797828243345409;251831914;Michel Laurence;MichelLaurence;;;;pollution OR pollutions
12 Sep 2015;1442089642;#pollution  L interview exclu d'Emmanuelle Cosse #EELV au #JDDParis par #BGrecohttp://bit.ly/1MjisxN RT @LeJDD.fr #regionales;fr;Robert MelcherVerified account ;@RobertRmelcher;642796665821360128;https://twitter.com/RobertRmelcher/status/642796665821360128;781164283;Robert Melcher;RobertRmelcher;;1;;pollution OR pollutions
12 Sep 2015;1442089409;"R√©gionales : @emmacosse  veut ""trois milliards d‚Äôeuros contre la pollution de l'air"" http://www.lejdd.fr/Politique/Regionales-en-Ile-de-France-Emmanuelle-Cosse-veut-trois-milliards-d-euros-contre-la-pollution-de-l-air-750697 ‚Ä¶ #JDD";fr;Le JDDVerified account ;@leJDD;642795687608995840;https://twitter.com/leJDD/status/642795687608995840;49678509;Le JDD;leJDD;9;17;6;pollution OR pollutions
12 Sep 2015;1442089052;Victimes de braconnage ou de pollution, les tortues sont les t√©moins de l‚Äô√©tat de nos oc√©ans http://fb.me/7mRrcUSW3 ;fr;infosreg ;@infosreg;642794191664214016;https://twitter.com/infosreg/status/642794191664214016;1239366186;infosreg;infosreg;;;;pollution OR pollutions
12 Sep 2015;1442088982;Aimes-tu le monde dans lequel tu vis? ‚Äî dans l'hypocrisie,l'homophobie,la pollution et plein d'autres joie du meme ‚Ä¶ http://l.ask.fm/igoto/45DKECN75V62DDAUPY6IQO7P6CCSJ72M22SLJR5RCD43F55JRBZZCZKJE5HMQRB2KG6PUGKEA4YFKEQPY43OA7PQPXYKVBJAWQDVHFCJB5OTWI7UAOEDO4HRT2SPJWT2266ZQHRJ3LMH7BEEISIAKELC73PG75EP73LU3YKYYDZY2SG4A5WFRRPR6BB3L5OOYN6A==== ‚Ä¶;fr;Le Panda No√´l ;@loly26460;642793898830622720;https://twitter.com/loly26460/status/642793898830622720;3331595279;Le Panda No√´l;loly26460;;;;pollution OR pollutions
12 Sep 2015;1442088909;Pollution forte (52) √† 19h. Elev√© pour #Marseille. Mauvaise id√©e d'aller courir http://buff.ly/1imfHPK  #airpollution;fr;[ ü§ñ] Plume Marseille ;@PlumeAMarseille;642793592315060224;https://twitter.com/PlumeAMarseille/status/642793592315060224;3067512083;[ü§ñ] Plume Marseille;PlumeAMarseille;;;;pollution OR pollutions
12 Sep 2015;1442088883;Pollution dans le m√©tro et RER : inqui√©tude et risque sanitaire pour les employ√©s expos√©s http://sco.lt/7vss0P ;fr;Association APEQUA ;@APEQUA;642793483787468801;https://twitter.com/APEQUA/status/642793483787468801;278945080;Association APEQUA;APEQUA;;;;pollution OR pollutions
12 Sep 2015;1442087670;La lutte contre les pollutions marines, un th√®me majeur de http://www.saferseas-brest.org  et du Plan d'Action Atlantique;fr;EU Atlantic Strategy ;@EUAtlantic;642788395815698432;https://twitter.com/EUAtlantic/status/642788395815698432;2811296941;EU Atlantic Strategy;EUAtlantic;;2;;pollution OR pollutions
12 Sep 2015;1442087491;La lutte contre les pollutions marines, th√®me majeur en Europe Atlantique  ;fr;EU Atlantic Strategy ;@EUAtlantic;642787645895143424;https://twitter.com/EUAtlantic/status/642787645895143424;2811296941;EU Atlantic Strategy;EUAtlantic;;2;1;pollution OR pollutions
12 Sep 2015;1442086087;La s√©lection alternative de la semaine #47 - Blog Le Monde (Blog): La s√©lection alternative ... http://bit.ly/1OlQGAp  #ocean #pollution;fr;Mer M√©diterran√©e ;@medseapollution;642781755045343232;https://twitter.com/medseapollution/status/642781755045343232;226761423;Mer M√©diterran√©e;medseapollution;;;;pollution OR pollutions
12 Sep 2015;1442085473;Carole elle me dit qu'elle a une histoire elle me parle de pollution et de population je comprends pas MDRRRRRRR;fr;Palpal ;@LttaC;642779182188089345;https://twitter.com/LttaC/status/642779182188089345;1316197147;Palpal;LttaC;1;1;;pollution OR pollutions
12 Sep 2015;1442085468;@eclgovernewz @LibreActu De Rugy prompt √† faire des le√ßons a dit Oui pour bombarder en Libye. Et la pollution?;fr;myrtille75 Matricule 413/2679 ;@myrtille751;642779159689850880;https://twitter.com/myrtille751/status/642779159689850880;2416058143;myrtille75  Matricule 413/2679;myrtille751;;;;pollution OR pollutions
12 Sep 2015;1442085355;il a raison !!! Vous pr√©conisez de ne rien faire pour que cessent les migrations ? (crise √©co, guerres, pollutions)  ;fr;Angry_Bisounours ;@lapin47;642778683623755776;https://twitter.com/lapin47/status/642778683623755776;108434962;Angry_Bisounours;lapin47;;;;pollution OR pollutions
12 Sep 2015;1442085310;Pollution forte (55) √† 18h. Elev√© pour #Marseille. Activit√©s physiques √† √©viter si sensible http://buff.ly/1EUmI4D  #airpollution;fr;[ ü§ñ] Plume Marseille ;@PlumeAMarseille;642778494661996544;https://twitter.com/PlumeAMarseille/status/642778494661996544;3067512083;[ü§ñ] Plume Marseille;PlumeAMarseille;;1;;pollution OR pollutions
12 Sep 2015;1442084817;Pollution dans le m√©tro : gare √† la sant√© des agents #RATP @respireasso @Anses_fr http://po.st/eNKtHN  @LesEchos;fr;Marion Degeorges ;@Geooorges;642776430930227200;https://twitter.com/Geooorges/status/642776430930227200;328155219;Marion Degeorges;Geooorges;;1;;pollution OR pollutions
12 Sep 2015;1442082969;@M_Orphelin @OIL_MEN @fondationhulot Pollution, conf√©rence climat √† quoi sert monsieur Hulothttps://www.youtube.com/watch?v=73Fh59F4nS4 ‚Ä¶;fr;RedFrog ;@_RedFrog;642768678371495936;https://twitter.com/_RedFrog/status/642768678371495936;45365156;RedFrog;_RedFrog;;1;1;pollution OR pollutions
12 Sep 2015;1442082904;Victimes de braconnage ou de pollution, les tortues sont les t√©moins de l‚Äô√©tat de nos oc√©ans http://fb.me/7w8b3QSpl ;fr;infosreg ;@infosreg;642768403279687680;https://twitter.com/infosreg/status/642768403279687680;1239366186;infosreg;infosreg;;;;pollution OR pollutions
12 Sep 2015;1442082127;Les Allemands reviennent au charbon dans leurs centrales thermiques et nous enfument avec leur baratin sur la pollution √©nerg√©tique;fr;Ultima Ratio ;@PorthosMD;642765144443981825;https://twitter.com/PorthosMD/status/642765144443981825;578257014;Ultima Ratio;PorthosMD;;3;1;pollution OR pollutions
12 Sep 2015;1442081710;Pollution forte (58) √† 17h. Elev√© pour #Marseille. Mauvaise id√©e d'aller courir http://buff.ly/1QvQoWH  #airpollution;fr;[ ü§ñ] Plume Marseille ;@PlumeAMarseille;642763395419238400;https://twitter.com/PlumeAMarseille/status/642763395419238400;3067512083;[ü§ñ] Plume Marseille;PlumeAMarseille;;;;pollution OR pollutions
12 Sep 2015;1442081618;@lemondefr @InseeFr notre fameux Pollution int√©rieur brut de consommation : POIBC;fr;Cyrille Rollier ;@Cy_R086;642763011413929984;https://twitter.com/Cy_R086/status/642763011413929984;612632528;Cyrille  Rollier;Cy_R086;1;;1;pollution OR pollutions
12 Sep 2015;1442081270;Mais d‚Äôo√π vient donc la pollution p√©riodique de l‚Äôeau, dans la vall√©e des Moulins? http://www.ladepeche.fr/article/2015/09/11/2175005-pollution-du-guiraldol-les-pouvoirs-publics-mobilises.html ‚Ä¶ @Prefet12 @BCavalerie;fr;S√©bastien Rigal ;@sechicot;642761550961348608;https://twitter.com/sechicot/status/642761550961348608;1897060160;S√©bastien Rigal;sechicot;;;;pollution OR pollutions
12 Sep 2015;1442080778;Ces expatri√©s japonais ramassent les d√©chets des Parisiens | @scoopit http://sco.lt/55l2qP  #D√©chets #Pollution #Ecologie #Paris;fr;Bourdoncle ;@Bourdonclejm;642759489058381824;https://twitter.com/Bourdonclejm/status/642759489058381824;449947267;Bourdoncle;Bourdonclejm;;;;pollution OR pollutions
12 Sep 2015;1442079965;101,3 milliards d'euros par an: le co√ªt de la pollution de l'air http://dlvr.it/C7cLfY ;fr;LebonExpertcomptable ;@lebonexpert;642756077789007874;https://twitter.com/lebonexpert/status/642756077789007874;1604042694;LebonExpertcomptable;lebonexpert;;;;pollution OR pollutions
12 Sep 2015;1442079503;A la t√™te des ecolos @emmacosse. Leur prioirit√© n¬∞1 ? La pollution. Leurs solutions : Dans le #JDDParis #dimanche  exclu;fr;Robert MelcherVerified account ;@RobertRmelcher;642754139999608832;https://twitter.com/RobertRmelcher/status/642754139999608832;781164283;Robert Melcher;RobertRmelcher;;5;4;pollution OR pollutions
12 Sep 2015;1442078956;@hamiltxn_grier @gossent_laura ou abomination pollution dechets ha oui dechets cest bien;fr;Oriana Styles ;@orianeromano;642751845371392000;https://twitter.com/orianeromano/status/642751845371392000;601088374;Oriana Styles;orianeromano;1;;;pollution OR pollutions
12 Sep 2015;1442078892;@hamiltxn_grier @gossent_laura le truc c'est que je me fou totalement de l√©cologie au moins tu pourras peut √™tre crever gr√¢ce √† ma pollution;fr;Oriana Styles ;@orianeromano;642751576969478144;https://twitter.com/orianeromano/status/642751576969478144;601088374;Oriana Styles;orianeromano;1;;;pollution OR pollutions
12 Sep 2015;1442078856;@Nixop @PoufyGB la pollution c'est pas nouveau non plus...;fr;Monsieur Sushi the Ultimate Vita Collector ;@MonsieurSushi;642751425777373184;https://twitter.com/MonsieurSushi/status/642751425777373184;120086816;Monsieur Sushi the Ultimate Vita Collector;MonsieurSushi;1;;;pollution OR pollutions
12 Sep 2015;1442078555;@PoufyGB Mise √† part la pollution, les conflits entre les Hommes existent depuis toujours.;fr;¬Ø\_(„ÉÑ)_/¬Ø  üá´üá∑ üèÜ ;@Nixop;642750163669356544;https://twitter.com/Nixop/status/642750163669356544;451030591;¬Ø\_(„ÉÑ)_/¬Ø üá´üá∑üèÜ;Nixop;2;;;pollution OR pollutions
12 Sep 2015;1442078109;Pollution forte (58) √† 16h. Elev√© pour #Marseille. Mauvaise id√©e d'aller courir http://buff.ly/1OKsHZt  #airpollution;fr;[ ü§ñ] Plume Marseille ;@PlumeAMarseille;642748293173391365;https://twitter.com/PlumeAMarseille/status/642748293173391365;3067512083;[ü§ñ] Plume Marseille;PlumeAMarseille;;;;pollution OR pollutions
12 Sep 2015;1442077014;@afpfr Une POLLUTION qui ne nous laisse + le choix ! C'est SOCIAL... Donc obligation de SUBIR ces d√©monstrations de REJET de notre soci√©t√© ?;fr;laplumedemaosaittout ;@maosaittout;642743701194821632;https://twitter.com/maosaittout/status/642743701194821632;2966022161;laplumedemaosaittout;maosaittout;;;;pollution OR pollutions
12 Sep 2015;1442076705;Victimes de braconnage ou de pollution, les tortues sont les t√©moins de l‚Äô√©tat de nos oc√©ans http://fb.me/L3CCOrom ;fr;infosreg ;@infosreg;642742404164915200;https://twitter.com/infosreg/status/642742404164915200;1239366186;infosreg;infosreg;;;;pollution OR pollutions
12 Sep 2015;1442075041;#ESPRMA #Essonnes http://mentaphone.fr  Question: Pollution de l'air en France, crise politique en Crim√©e, ne pensez-vous pas qu'il est...;fr;Mentaphone ;@MentaphoneFr;642735427343007744;https://twitter.com/MentaphoneFr/status/642735427343007744;1546674667;Mentaphone;MentaphoneFr;;;;pollution OR pollutions
12 Sep 2015;1442074837;D√©bat en #Chine : faut-il utiliser les ressources en #eau pour lutter contre la pollution de l' #air des villes ?;fr; üåêChristophe AUDOUIN ;@audouinc;642734571759509504;https://twitter.com/audouinc/status/642734571759509504;81326036;üåê Christophe AUDOUIN;audouinc;;;;pollution OR pollutions
12 Sep 2015;1442074509;Pollution forte (56) √† 15h. Elev√© pour #Marseille. Activit√©s physiques √† √©viter si sensible http://buff.ly/1M460PB  #airpollution;fr;[ ü§ñ] Plume Marseille ;@PlumeAMarseille;642733194467520512;https://twitter.com/PlumeAMarseille/status/642733194467520512;3067512083;[ü§ñ] Plume Marseille;PlumeAMarseille;;;;pollution OR pollutions
12 Sep 2015;1442074030;Journ√©e sans voiture √† Paris : dimanche 27 septembreLa qualit√© de l'air am√©lior√©e ? #Paris #voiture #pollution;fr;ParisMonde ;@parismonde;642731185291034624;https://twitter.com/parismonde/status/642731185291034624;76420607;ParisMonde;parismonde;;;;pollution OR pollutions
12 Sep 2015;1442073851;@francksydney √ßa nettoie la pollution;fr;Regular Unleaded ;@sansplomb99;642730432195338240;https://twitter.com/sansplomb99/status/642730432195338240;1868795383;Regular Unleaded;sansplomb99;1;;;pollution OR pollutions
12 Sep 2015;1442073012;La pollution de l'air √† #Bordeaux http://buff.ly/1M44fC4  Bulletins de l'air en direct via @PlumeABordeaux Air Report;fr;[ ü§ñ] Plume Marseille ;@PlumeAMarseille;642726915200143360;https://twitter.com/PlumeAMarseille/status/642726915200143360;3067512083;[ü§ñ] Plume Marseille;PlumeAMarseille;;;;pollution OR pollutions
12 Sep 2015;1442072280;Sinon nous pendant les pauses √† midi on se ballade √† By Pass pour manger x) √ßa fait du bien de prendre l'air aussi, sortir de la pollution;fr;miya mor ;@gskaar_;642723845024153600;https://twitter.com/gskaar_/status/642723845024153600;3398028089;miya mor;gskaar_;;;;pollution OR pollutions
12 Sep 2015;1442071504;#Tunisie : une usine prise en flagrant d√©lit de pollution du lac Ichkeul http://dlvr.it/C7YzNj  #JDNT #Actualit√©;fr;JDN Tunisien ;@JDNTunisien;642720589375901696;https://twitter.com/JDNTunisien/status/642720589375901696;185466934;JDN Tunisien;JDNTunisien;;;;pollution OR pollutions
12 Sep 2015;1442071333;La #Belgique ne fait pas assez contre la pollution de l‚Äôair √† #Bruxelles http://www.lesoir.be/913060/article/demain-terre/environnement/2015-06-19/belgique-ne-fait-pas-assez-contre-pollution-l-air ‚Ä¶ #survolbxl @celinefremault @jgalant74;fr;Armin Wisdorff #FBPE ;@aaw1;642719873353818113;https://twitter.com/aaw1/status/642719873353818113;20378608;Armin Wisdorff #FBPE;aaw1;;5;;pollution OR pollutions
12 Sep 2015;1442070910;Pollution forte (53) √† 14h. Elev√© pour #Marseille. Activit√©s physiques √† √©viter si sensible http://buff.ly/1M41NLQ  #airpollution;fr;[ ü§ñ] Plume Marseille ;@PlumeAMarseille;642718096726335488;https://twitter.com/PlumeAMarseille/status/642718096726335488;3067512083;[ü§ñ] Plume Marseille;PlumeAMarseille;;;;pollution OR pollutions
12 Sep 2015;1442070834;Pollution du Fium‚ÄôOrbu : nouvelles analyses et enqu√™te en cours http://www.revuedepressecorse.org/1391141/pollution-du-fiumorbu-nouvelles-analyses-et-enquete-en-cours/2015/ ‚Ä¶;fr; ‚ùåCorse InFo Officiel  ‚õîÔ∏è ;@corseinfo1;642717781209714689;https://twitter.com/corseinfo1/status/642717781209714689;1062979200;‚ùå Corse InFo Officiel ‚õîÔ∏è;corseinfo1;;;;pollution OR pollutions
12 Sep 2015;1442070554;Victimes de braconnage ou de pollution, les tortues sont les t√©moins de l‚Äô√©tat de nos oc√©ans http://fb.me/7uNJOquVt ;fr;infosreg ;@infosreg;642716605286379520;https://twitter.com/infosreg/status/642716605286379520;1239366186;infosreg;infosreg;;;;pollution OR pollutions
12 Sep 2015;1442070204;Pollution du #FiumOrbu : nouvelles analyses et enqu√™te en courshttp://corsem.co/1F4lbZs ;fr;Corse-Matin  üì∞Verified account ;@Corse_Matin;642715138311745537;https://twitter.com/Corse_Matin/status/642715138311745537;166566675;Corse-Matin üì∞;Corse_Matin;;1;;pollution OR pollutions
12 Sep 2015;1442070106;"La pollution publicitaire de Kiabi √† #Grenoble : ""c'est pas nous, c'est le prestataire"".";fr;Gallorum üåª ;@Gallorum;642714725541806081;https://twitter.com/Gallorum/status/642714725541806081;225865651;Gallorumüåª;Gallorum;1;;1;pollution OR pollutions
12 Sep 2015;1442068544;Vous voulez voir l'√©tendue de la pollution lumineuse? http://www.blue-marble.de/nightlights/2012 ‚Ä¶;fr;LoneStar ;@LoneSt4r;642708176425455618;https://twitter.com/LoneSt4r/status/642708176425455618;24087990;LoneStar;LoneSt4r;;;;pollution OR pollutions
12 Sep 2015;1442068173;Alors que le traffic augmente. @franceinfo La pollution d'un avion, elle peut se voir et m√™me nous faire de l'ombre.;fr;Adam ;@digitalErmit;642706619839721472;https://twitter.com/digitalErmit/status/642706619839721472;519216725;Adam;digitalErmit;;;;pollution OR pollutions
12 Sep 2015;1442067466;J'ai trop mal au nez et j'suis sure ca vient de la pollution pas habitu√© moi dans ma campagne;fr;BAPPELOTE  üá´üá∑ üá´üá∑ ;@aadd_kbv;642703655007817728;https://twitter.com/aadd_kbv/status/642703655007817728;1272286621;BAPPELOTE üá´üá∑üá´üá∑;aadd_kbv;;1;;pollution OR pollutions
12 Sep 2015;1442067309;Pollution forte (51) √† 13h. Elev√© pour #Marseille. Activit√©s physiques √† √©viter si sensible http://buff.ly/1Q8Lzlx  #airpollution;fr;[ ü§ñ] Plume Marseille ;@PlumeAMarseille;642702996137222144;https://twitter.com/PlumeAMarseille/status/642702996137222144;3067512083;[ü§ñ] Plume Marseille;PlumeAMarseille;;1;;pollution OR pollutions
12 Sep 2015;1442066873;@AndrescoobyAr Non.  Pollution par le bruit un samedi matin, ben de la mis√®re avec √ßa s√©rieux..;fr;Isabelle Roussy  üå∏ üåª üå∑ üåº ;@IzyLaRousse;642701166644731905;https://twitter.com/IzyLaRousse/status/642701166644731905;352020872;Isabelle Roussy üå∏üåªüå∑üåº;IzyLaRousse;1;;1;pollution OR pollutions
12 Sep 2015;1442066850;Ah tiens la pollution visuelle de @KiabiFrance se fait aussi √† #Lille‚Ä¶ http://www.lavoixdunord.fr/region/kiabi-une-campagne-de-pub-sauvage-a-lille-pour-ia19b0n3039030 ‚Ä¶;fr;Kyriog ;@kyriog;642701068644806656;https://twitter.com/kyriog/status/642701068644806656;606722449;Kyriog;kyriog;3;;;pollution OR pollutions
12 Sep 2015;1442065887;@macky_sall : lutter d'abord contre la pollution de transport en commun √† Dakar , cela aurait plus de sens plut√¥t que la cop21  . (1);fr;Jaraama¬© ;@jaraama;642697030943535104;https://twitter.com/jaraama/status/642697030943535104;122766652;Jaraama¬©;jaraama;;;;pollution OR pollutions
12 Sep 2015;1442065593;"#S3Odeon ""94% des #oiseaux ont du plastique dans l'estomac""! J. Persenda #environnement #sante ""pollution ";fr;St√©phanie Chevrel ;@s_chevrel;642695798254379008;https://twitter.com/s_chevrel/status/642695798254379008;544697688;St√©phanie Chevrel;s_chevrel;;7;3;pollution OR pollutions
12 Sep 2015;1442064549;Victimes de braconnage ou de pollution, les tortues sont les t√©moins de l‚Äô√©tat de nos oc√©ans http://fb.me/7wTaekioL ;fr;infosreg ;@infosreg;642691417370816512;https://twitter.com/infosreg/status/642691417370816512;1239366186;infosreg;infosreg;;;;pollution OR pollutions
12 Sep 2015;1442064528;"#s3odeon JFBach ""les hommes pr√©historiques, n'avaient pas de pollution. Mais ils mouraient a 25 ans""";fr;sandrine goldschmidt ;@sandgoldy;642691331748417536;https://twitter.com/sandgoldy/status/642691331748417536;90229541;sandrine goldschmidt;sandgoldy;;3;;pollution OR pollutions
12 Sep 2015;1442064438;Car le transparent et le blanc Ca me saoul √ßa devient noir avec le temps et surtout avec Paris et sa pollution;fr;ùöó ùöò ùöï ùö† ùöé ùöó ùöó ;@nolwennmbb;642690952021319680;https://twitter.com/nolwennmbb/status/642690952021319680;3068386125;ùöó ùöò ùöï ùö† ùöé ùöó ùöó;nolwennmbb;;;;pollution OR pollutions
12 Sep 2015;1442063710;Pollution mod√©r√©e (37) √† 11h. Habituel √† #Marseille. Profitez-en pour aller courir http://buff.ly/1iEIJdm  #airpollution;fr;[ ü§ñ] Plume Marseille ;@PlumeAMarseille;642687898043707392;https://twitter.com/PlumeAMarseille/status/642687898043707392;3067512083;[ü§ñ] Plume Marseille;PlumeAMarseille;;;;pollution OR pollutions
12 Sep 2015;1442062403;[politique] chasser l'auto √† p√©trole des villes pour mieux maitriser les impots locaux #budget #voirie #pollution #parking cc @PMehaignerie;fr;Guillaume PORCHER ;@green_emotion;642682419569664000;https://twitter.com/green_emotion/status/642682419569664000;210727248;Guillaume PORCHER;green_emotion;;;;pollution OR pollutions
12 Sep 2015;1442061883;Plus aucune culture #bio entre le #glyphosate et autres pollutions laiss√©es par #chemtrails .. Pas merci √† la chimie;fr;R√©mifasol57 Matricule 18650 ;@Remifasol57;642680238594523136;https://twitter.com/Remifasol57/status/642680238594523136;610231648;R√©mifasol57 Matricule 18650;Remifasol57;;;;pollution OR pollutions
12 Sep 2015;1442061102;Changement climatique #Plan√®te http://newsblog.paris/femmeent/2015/09/12/planete/ ‚Ä¶ #pollution #rechaufement;fr;IsyView ;@IsyView;642676960762699776;https://twitter.com/IsyView/status/642676960762699776;1415843149;IsyView;IsyView;;2;;pollution OR pollutions
12 Sep 2015;1442060911;Nous ne pouvons pas regretter les pics de pollution et ne rien faire. Enjeu majeur de sant√© publique ;fr;Fr√©d√©ric Sanchez ;@_F_Sanchez;642676160976056321;https://twitter.com/_F_Sanchez/status/642676160976056321;191523379;Fr√©d√©ric Sanchez;_F_Sanchez;;;;pollution OR pollutions
12 Sep 2015;1442060882;Lib√©r√© de la #pollution de l'#air, le ciel de P√©kin se transforme et vire au bleuhttp://www.maxisciences.com/pollution-de-l-air/libere-de-la-pollution-le-ciel-de-pekin-se-transforme-et-vire-au-bleu_art35898.html ‚Ä¶;fr;Lola Br√©gonzioRozier ;@LolaBregonzio;642676036828811268;https://twitter.com/LolaBregonzio/status/642676036828811268;586882039;Lola Br√©gonzioRozier;LolaBregonzio;;;;pollution OR pollutions
12 Sep 2015;1442060709;Polyvalent, le barrage anti inondation Water-Gate permet aussi de retenir les pollutions ! http://Megasecureurope.com ;fr;Water-Gate ;@inondation_STOP;642675313047175168;https://twitter.com/inondation_STOP/status/642675313047175168;1420043322;Water-Gate;inondation_STOP;;;;pollution OR pollutions
12 Sep 2015;1442060140;L'article le plus consult√© vendredi > La pollution de l'air du m√©tro menace la sant√© des employ√©s http://bit.ly/1OFOfGK ;fr;AllodocteursVerified account ;@Allodocteurs;642672925892550657;https://twitter.com/Allodocteurs/status/642672925892550657;94585213;Allodocteurs;Allodocteurs;;6;2;pollution OR pollutions
12 Sep 2015;1442060112;Le transgendrisme, et les troubles sexuels, viendraient de la pollution. Elle nous distord l'esprit.;fr;Michel Gautron ;@MichelGautron;642672808141684737;https://twitter.com/MichelGautron/status/642672808141684737;591936902;Michel Gautron;MichelGautron;;;;pollution OR pollutions
12 Sep 2015;1442060110;Pollution mod√©r√©e (37) √† 11h. Habituel √† #Marseille. Profitez-en pour vous promener http://buff.ly/1illIfI  #airpollution;fr;[ ü§ñ] Plume Marseille ;@PlumeAMarseille;642672798360596480;https://twitter.com/PlumeAMarseille/status/642672798360596480;3067512083;[ü§ñ] Plume Marseille;PlumeAMarseille;;;;pollution OR pollutions
12 Sep 2015;1442059899;De l√† on peut penser que la pollution cr√©e une perversion de notre nature, subie ou oblig√©e, pour le progr√®s, qui nous distord l'esprit,;fr;Michel Gautron ;@MichelGautron;642671916604620800;https://twitter.com/MichelGautron/status/642671916604620800;591936902;Michel Gautron;MichelGautron;;;;pollution OR pollutions
12 Sep 2015;1442059113;"Compl√©ment d'enqu√™te : ""Pollution, conf√©rence climat, √† quoi sert monsieur Hulot ?"" http://fb.me/1spw6chIu ";fr;Catherine Eyssette ;@CasYannPiat;642668620154281984;https://twitter.com/CasYannPiat/status/642668620154281984;242252821;Catherine Eyssette;CasYannPiat;;;;pollution OR pollutions
12 Sep 2015;1442059096;"Le transgendrisme est un fruit perdu de l'intelligence, dans nos temps ; il vient de la pollution, et des gazs que nous respirons";fr;Michel Gautron ;@MichelGautron;642668546238103552;https://twitter.com/MichelGautron/status/642668546238103552;591936902;Michel Gautron;MichelGautron;;;;pollution OR pollutions
12 Sep 2015;1442058730;FRAPNA LOIRE. SNF : Risques d‚Äôaccidents et pollution qui persisteront √† l‚Äôautomne 2015 ! http://po.st/9E8wCc ;fr;MC de Portebane ;@MCdeportebane;642667010128769024;https://twitter.com/MCdeportebane/status/642667010128769024;82555440;MC de Portebane;MCdeportebane;;;1;pollution OR pollutions
12 Sep 2015;1442058611;Victimes de braconnage ou de pollution, les tortues sont les t√©moins de l‚Äô√©tat de nos oc√©ans http://fb.me/4SvTXD9BK ;fr;infosreg ;@infosreg;642666512399011840;https://twitter.com/infosreg/status/642666512399011840;1239366186;infosreg;infosreg;;;;pollution OR pollutions
12 Sep 2015;1442058166;@GreatPicsou et d'ailleurs, en tant que lib√©ral auto proclam√©, tu devrais lutter contre la pollution.;fr;D. ;@Tecoub;642664645132722180;https://twitter.com/Tecoub/status/642664645132722180;389626752;D.;Tecoub;;;;pollution OR pollutions
12 Sep 2015;1442058141;@GreatPicsou la pollution, l'environnement, c'est le probl√®me de tous !!!!;fr;D. ;@Tecoub;642664543584436224;https://twitter.com/Tecoub/status/642664543584436224;389626752;D.;Tecoub;2;;;pollution OR pollutions
12 Sep 2015;1442058119;@GreatPicsou et d'ailleurs, pourquoi on a de l'air respirable en France ? Ah oui, les normes anti-pollutions ....;fr;D. ;@Tecoub;642664448008843264;https://twitter.com/Tecoub/status/642664448008843264;389626752;D.;Tecoub;2;;;pollution OR pollutions
12 Sep 2015;1442057916;@GreatPicsou car la pollution s'arr√™te aux fronti√®res ? -_-';fr;D. ;@Tecoub;642663596409888768;https://twitter.com/Tecoub/status/642663596409888768;389626752;D.;Tecoub;2;;;pollution OR pollutions
12 Sep 2015;1442057815;contrairement √† 1 id√©e re√ßue, en ville, l'auto √† p√©trole co√ªte bcp + d'argent aux coll. locales qu'elle n'en rapporte! #pollution #foncier;fr;Guillaume PORCHER ;@green_emotion;642663174517473280;https://twitter.com/green_emotion/status/642663174517473280;210727248;Guillaume PORCHER;green_emotion;;;;pollution OR pollutions
12 Sep 2015;1442057731;@GreatPicsou et au nom de quoi je devrais subir ta pollution ?;fr;D. ;@Tecoub;642662820929236992;https://twitter.com/Tecoub/status/642662820929236992;389626752;D.;Tecoub;1;;;pollution OR pollutions
12 Sep 2015;1442057650;l'@Anses_fr alerte sur la pollution dans le m√©tro http://www.ladepeche.fr/article/2015/09/11/2175208-l-anses-alerte-sur-la-pollution-dans-le-metro.html ‚Ä¶;fr;Jenn ;@jendsrmx;642662483430350848;https://twitter.com/jendsrmx/status/642662483430350848;385999796;Jenn;jendsrmx;;;;pollution OR pollutions
12 Sep 2015;1442057439;@leJDD Quelle pollution pour tous ! D√®s qu'une fen√™tre de pub s'ouvre, je ne lis plus le site, je fuis. Rare que j'ach√®te sur une pub.;fr;Le blog d'H.B. #4069 ;@Le_blog_d_HB;642661597123620864;https://twitter.com/Le_blog_d_HB/status/642661597123620864;919926606;Le blog d'H.B. #4069;Le_blog_d_HB;;;1;pollution OR pollutions
12 Sep 2015;1442056510;Pollution mod√©r√©e (30) √† 10h. Habituel √† #Marseille. Profitez-en pour aller courir http://buff.ly/1K4AEYr  #airpollution;fr;[ ü§ñ] Plume Marseille ;@PlumeAMarseille;642657701110132736;https://twitter.com/PlumeAMarseille/status/642657701110132736;3067512083;[ü§ñ] Plume Marseille;PlumeAMarseille;;;;pollution OR pollutions
12 Sep 2015;1442056508;haouka ye7lfou may3aoudouch, wakahaw! #Tunisie une usine prise en flagrant d√©lit de pollution du lac Ichkeul http://www.investir-en-tunisie.net/index.php?option=com_content&view=article&id=33667:2015-09-12-10-57-29&catid=95:politique-social&Itemid=317 ‚Ä¶;fr;ettebsi ;@ja3far2012;642657691027001344;https://twitter.com/ja3far2012/status/642657691027001344;238870463;ettebsi;ja3far2012;1;2;1;pollution OR pollutions
12 Sep 2015;1442056460;"""signer un acte‚Ä¶"" !! pas de contravention! #Tunisie une usine prise en flagrant d√©lit de pollution du lac Ichkeul http://www.investir-en-tunisie.net/index.php?option=com_content&view=article&id=33667:2015-09-12-10-57-29&catid=95:politique-social&Itemid=317 ‚Ä¶";fr;ettebsi ;@ja3far2012;642657490618982400;https://twitter.com/ja3far2012/status/642657490618982400;238870463;ettebsi;ja3far2012;;1;;pollution OR pollutions
12 Sep 2015;1442056450;BELLES IMAGES...La carte interactive de la Nasa qui illustre le d√©sastre de la pollution en mer | @atlantico_fr http://sco.lt/9ENKu9 ;fr;Stephane Bilodeau ;@smbilodeau;642657450471124992;https://twitter.com/smbilodeau/status/642657450471124992;194980378;Stephane Bilodeau;smbilodeau;;;;pollution OR pollutions
12 Sep 2015;1442056444;@Anne_Hidalgo LA VILLE DE LA ROCHELLE EST DEVENUE AINSI une ville pourrie √† partir du mois de mai .Vendeurs √† la sauvette pollution visuelle;fr;the gardener ;@lejardinier92;642657422272761856;https://twitter.com/lejardinier92/status/642657422272761856;2598662050;the gardener;lejardinier92;;;;pollution OR pollutions
12 Sep 2015;1442055273;WATER POLLUTION: Des mines qui fuient, vous en voulez ? => http://prsm.tc/U7ImwG  via @Prismatic;fr;ùñÇùñéùñëùñâùïπùï±ùñóùñäùñä ;@wildnfree1;642652511279710209;https://twitter.com/wildnfree1/status/642652511279710209;363161920;ùñÇùñéùñëùñâùïπùï±ùñóùñäùñä;wildnfree1;;;;pollution OR pollutions
12 Sep 2015;1442055116;Une usine prise en flagrant d√©lit de pollution du lac Ichkeul http://fb.me/7D9tG3Wmz ;fr;Investir En Tunisie ;@investirtunisie;642651853176619008;https://twitter.com/investirtunisie/status/642651853176619008;260292273;Investir En Tunisie;investirtunisie;;;;pollution OR pollutions
12 Sep 2015;1442054110;Sa parle de pollution, il faut ralentir et diminu√©, mais les facteurs en voiture faut arr√™ter aussi...;fr;All Might  üí™ ;@azerty089;642647635338350592;https://twitter.com/azerty089/status/642647635338350592;2902927851;All Might üí™;azerty089;;;;pollution OR pollutions
12 Sep 2015;1442053610;@afpfr et bien sur le tabac est responsable de toutes les maladies, plus que la pollution, la malbouffe....elle a bon dos la clop!;fr;greffierfantome ŸÜ ;@greffierfantome;642645537666301956;https://twitter.com/greffierfantome/status/642645537666301956;481023651;greffierfantome ŸÜ;greffierfantome;;;;pollution OR pollutions
12 Sep 2015;1442052913;Pollution mod√©r√©e (26) √† 9h. Habituel √† #Marseille. Profitez-en pour aller courir http://buff.ly/1LpDLbq  #airpollution;fr;[ ü§ñ] Plume Marseille ;@PlumeAMarseille;642642612390920192;https://twitter.com/PlumeAMarseille/status/642642612390920192;3067512083;[ü§ñ] Plume Marseille;PlumeAMarseille;;;;pollution OR pollutions
12 Sep 2015;1442052394;#Pub au centre ville, magasins en p√©riph√©rie, acc√®s #voiture! @KiabiFrance sponsorise la #pollution √† #Grenoble!;fr;Romain  üö≤ üå± üå§ ;@rom1gre;642640438923538432;https://twitter.com/rom1gre/status/642640438923538432;362415259;Romain üö≤üå±üå§;rom1gre;1;1;1;pollution OR pollutions
12 Sep 2015;1442051537;@MBrancourt @MissLondres Pollution nocturne c‚Äôest bien plus glamour;fr;christian andreo ;@Andreo_Ch;642636841758380034;https://twitter.com/Andreo_Ch/status/642636841758380034;299697870;christian andreo;Andreo_Ch;1;;;pollution OR pollutions
12 Sep 2015;1442051300;@Le_Figaro quand on sait la pollution que cr√©√© la production d'un Jean c'est un moindre mal;fr;Pileouface83 ;@Rockandroll1983;642635848165498880;https://twitter.com/Rockandroll1983/status/642635848165498880;460074168;Pileouface83;Rockandroll1983;;;;pollution OR pollutions
12 Sep 2015;1442051134;@LittleNemoInS y‚Äôa toute la pollution des feux en Indon√©sie non?;fr;Ad' ;@Admestra;642635149998489600;https://twitter.com/Admestra/status/642635149998489600;457790365;Ad';Admestra;1;;;pollution OR pollutions
12 Sep 2015;1442050953;pourquoi il n'existe pas un shampooing sp√©cial paris ? genre anti pollution massive ???;fr;cancel operation gherkin ;@juckalope;642634392045809664;https://twitter.com/juckalope/status/642634392045809664;2602340514;cancel operation gherkin;juckalope;;;;pollution OR pollutions
12 Sep 2015;1442050889;Qualit√© de l'air dans le m√©tro : des effets nocifs sont attendus sur la sant√© du personnel | http://sco.lt/5OfYJt  #Paris #Pollution;fr;Bourdoncle ;@Bourdonclejm;642634123484524544;https://twitter.com/Bourdonclejm/status/642634123484524544;449947267;Bourdoncle;Bourdonclejm;;1;;pollution OR pollutions
12 Sep 2015;1442050590;@Amazing_Medias Honteux. Pollution visuelle, et argent public gaspill√© pour retirer vos horreurs.;fr;Mathieu ‚úê ;@slasherfun;642632868552933376;https://twitter.com/slasherfun/status/642632868552933376;20773587;Mathieu ‚úê;slasherfun;;;2;pollution OR pollutions
12 Sep 2015;1442050411;Pollution : la sant√© des employ√©s du m√©tro menac√©es ? http://fb.me/4aDSw31ZY ;fr;Parti de Gauche 28 ;@PartideGauche28;642632120989556736;https://twitter.com/PartideGauche28/status/642632120989556736;1461925706;Parti de Gauche 28;PartideGauche28;;1;;pollution OR pollutions
12 Sep 2015;1442050176;Noise pollution.;fr;Jean Galang ;@MySuperJean;642631133033684992;https://twitter.com/MySuperJean/status/642631133033684992;2626171748;Jean Galang;MySuperJean;;;;pollution OR pollutions
12 Sep 2015;1442049784;Regard ss concession sur le Vrai visage de l'√©levage : (Climat-Pollution- Souffrance animale http://www.viande.info ;fr; üå± üöÄYanThoinet ;@YanThoinet;642629491626508288;https://twitter.com/YanThoinet/status/642629491626508288;3720341;üå±üöÄYanThoinet;YanThoinet;;1;1;pollution OR pollutions
12 Sep 2015;1442049746;√âvitez #LeTouquet ce jour ... #pollution pseudo r√©publicaine;fr;Christophe ;@ChristophePretr;642629330179391488;https://twitter.com/ChristophePretr/status/642629330179391488;556235681;Christophe;ChristophePretr;;1;;pollution OR pollutions
12 Sep 2015;1442049312;Pollution mod√©r√©e (22) √† 8h. Habituel √† #Marseille. Profitez-en pour aller courir http://buff.ly/1K2IMXm  #airpollution;fr;[ ü§ñ] Plume Marseille ;@PlumeAMarseille;642627508052094976;https://twitter.com/PlumeAMarseille/status/642627508052094976;3067512083;[ü§ñ] Plume Marseille;PlumeAMarseille;;;;pollution OR pollutions
12 Sep 2015;1442048450;Rocade de Rennes :Rocade de Rennes : de 90 √† 70 km/h √† cause de la pollution occasionn√©e par les diesels  1) Les 2 pays les plus pollueurs;fr;Malloire ;@MalloireYves;642623896563392513;https://twitter.com/MalloireYves/status/642623896563392513;2860001414;Malloire;MalloireYves;;;;pollution OR pollutions
12 Sep 2015;1442047648;#ATMO Pollution faible aujourd'hui (indice 42/100) et faible demain (49/100). /@AirParif;fr;traficalert paris / √Æle-de-france ;@trafic_idf;642620532735676418;https://twitter.com/trafic_idf/status/642620532735676418;2464671937;traficalert paris / √Æle-de-france;trafic_idf;1;;;pollution OR pollutions
12 Sep 2015;1442047645;@amovre @Leo_Mrmd Limoges c'est pas la campagne merci bien au revoir h√¢te que tu meurs d'un cancer gr√¢ce √† la pollution de paris;fr; ;@imperialpop_;642620520068980736;https://twitter.com/imperialpop_/status/642620520068980736;352255431;Ôøº;imperialpop_;;;2;pollution OR pollutions
12 Sep 2015;1442047643;#ATMO Pollution faible aujourd'hui (indice 42/100) et faible demain (49/100).;fr;traficalert+ m√©t√©o routi√®re france ;@trafic_meteo;642620508983291904;https://twitter.com/trafic_meteo/status/642620508983291904;1101612698;traficalert+ m√©t√©o routi√®re france;trafic_meteo;;;;pollution OR pollutions
12 Sep 2015;1442047629;#ATMO #ATMO Pollution faible aujourd'hui (indice 42/100) et faible demain (49/100). AirParif;fr;m√©t√©o paris / ile-de-france ;@mto_idf;642620451491983361;https://twitter.com/mto_idf/status/642620451491983361;2669568661;m√©t√©o paris / ile-de-france;mto_idf;;;;pollution OR pollutions
12 Sep 2015;1442047481;Air pollution la ;fr;shima ;@ainur188;642619829980020736;https://twitter.com/ainur188/status/642619829980020736;708110442;shima;ainur188;;;;pollution OR pollutions
12 Sep 2015;1442047148;@clamartcitoy le #microstop covoiturage de courte distance pour r√©duire fortement la pollution auto;fr;MicroStop ;@LeMicroStop;642618433214001152;https://twitter.com/LeMicroStop/status/642618433214001152;2828335143;MicroStop;LeMicroStop;;;;pollution OR pollutions
12 Sep 2015;1442047093;Le #microstop covoiturage courte distance vraie solution pour la pollution en ville. @LeMicroStop;fr;MicroStop ;@LeMicroStop;642618203533910016;https://twitter.com/LeMicroStop/status/642618203533910016;2828335143;MicroStop;LeMicroStop;;;;pollution OR pollutions
12 Sep 2015;1442046935;@YannWehrling (@MoDem_Paris) souligne la pollution de l'air dans le m√©tro http://2014paris.blogspot.com/2015/09/yannwehrling-modemparis-souligne-la.html?spref=tw ‚Ä¶;fr;Municipales2014Paris ;@VoteParis2014;642617538908672000;https://twitter.com/VoteParis2014/status/642617538908672000;1552246832;Municipales2014Paris;VoteParis2014;;2;1;pollution OR pollutions
12 Sep 2015;1442046932;@YannWehrling (@MoDem_Paris) souligne la pollution de l'air dans le m√©tro... http://fb.me/2n8CkXauE ;fr;Municipales2014Paris ;@VoteParis2014;642617529656066048;https://twitter.com/VoteParis2014/status/642617529656066048;1552246832;Municipales2014Paris;VoteParis2014;;;;pollution OR pollutions
12 Sep 2015;1442046839;La #pollution en √éle-de-France sera faible aujourd'hui (indice 42/100) et faible demain (49/100). http://airparif.fr ;fr;Airparif ;@Airparif;642617136423288832;https://twitter.com/Airparif/status/642617136423288832;142619192;Airparif;Airparif;;1;1;pollution OR pollutions
12 Sep 2015;1442046822;S√©nat : La pollution de l'air co√ªte plus de 100 Mrds / an √† la Francehttp://huff.to/1Q8qwzu Av. J. Jaur√®s #Clamart;fr;clamart-citoyenne ;@clamartcitoy;642617064230887425;https://twitter.com/clamartcitoy/status/642617064230887425;1931809044;clamart-citoyenne;clamartcitoy;1;;;pollution OR pollutions
12 Sep 2015;1442046808;Victimes de braconnage ou de pollution, les tortues sont les t√©moins de l‚Äô√©tat de nos oc√©ans http://fb.me/2tq1VUNsp ;fr;infosreg ;@infosreg;642617007221829632;https://twitter.com/infosreg/status/642617007221829632;1239366186;infosreg;infosreg;;1;;pollution OR pollutions
12 Sep 2015;1442046678;Comment lutter contre la pollution de l'air en #France ? | @scoopit http://sco.lt/6IMVRx  #Environnement #Air #Pollution #Ecologie;fr;Bourdoncle ;@Bourdonclejm;642616464017629184;https://twitter.com/Bourdonclejm/status/642616464017629184;449947267;Bourdoncle;Bourdonclejm;;1;;pollution OR pollutions
12 Sep 2015;1442046263;Paris √ßa pu la pollution;fr; üåôAkela ;@lalyvln;642614719929565184;https://twitter.com/lalyvln/status/642614719929565184;2440216447;üåôAkela;lalyvln;;;;pollution OR pollutions
12 Sep 2015;1442045711;Pollution mod√©r√©e (26) √† 6h. Habituel √† #Marseille. Profitez-en pour vous promener http://buff.ly/1UNg8OP  #airpollution;fr;[ ü§ñ] Plume Marseille ;@PlumeAMarseille;642612405332242432;https://twitter.com/PlumeAMarseille/status/642612405332242432;3067512083;[ü§ñ] Plume Marseille;PlumeAMarseille;;;;pollution OR pollutions
12 Sep 2015;1442045118;Le taux de pollution atmosph√©rique √† Beyrouth a d√©cupl√© - L'Orient-Le Jour http://olj.me/943893  via @LorientLeJour;fr;Nicole Guichard ;@leblogdelaville;642609919338921984;https://twitter.com/leblogdelaville/status/642609919338921984;110425971;Nicole Guichard;leblogdelaville;;;;pollution OR pollutions
12 Sep 2015;1442044025;La #pollution de l'air co√ªte plus de 100 milliards d'euros par an √† la France, selon un rapport du S√©nat http://www.huffingtonpost.fr/2015/07/15/pollution-air-cout-100-milliards-euros-france-rapport-senat-environnement_n_7798972.html ‚Ä¶;fr;Green News ;@Greennewshub;642605333010083840;https://twitter.com/Greennewshub/status/642605333010083840;3123275620;Green News;Greennewshub;;1;;pollution OR pollutions
12 Sep 2015;1442043270;Pollution : les sacs plastiques √† usage unique interdits d√®s le 1er janvier 2016 http://www.leparisien.fr/environnement/ville-durable/pollution-les-sacs-plastiques-a-usage-unique-interdits-des-le-1er-janvier-2016-11-09-2015-5083025.php ‚Ä¶ via @LP_Materre;fr;Fabrice E  ‚ö°Ô∏è ;@Fabrice_E;642602168965591040;https://twitter.com/Fabrice_E/status/642602168965591040;139211143;Fabrice E  ‚ö°Ô∏è;Fabrice_E;;;;pollution OR pollutions
12 Sep 2015;1442042732;Le taux de pollution atmosph√©rique √† Beyrouth a d√©cupl√© http://www.lorientlejour.com/article/943893/le-taux-de-pollution-atmospherique-dans-la-capitale-a-decuple.html ‚Ä¶;fr;G√©opoldia ;@Geopoldia;642599913109483520;https://twitter.com/Geopoldia/status/642599913109483520;2273506256;G√©opoldia;Geopoldia;;1;;pollution OR pollutions
12 Sep 2015;1442041943;Toxique, soyons vigilant ! - Victimes de braconnage ou de pollution, les tortues sont les t√©moins de l'√©tat de nos‚Ä¶ http://ift.tt/1M3ylp7 ;fr;revue de presse 3.Œ¶ ;@revuedepresse30;642596603241590785;https://twitter.com/revuedepresse30/status/642596603241590785;2911956082;revue de presse 3.Œ¶;revuedepresse30;;1;;pollution OR pollutions
12 Sep 2015;1442041935;15 #plantes d√©polluantes qui purifient l‚Äôair int√©rieur de votre #maison #pollution http://edito.seloger.com/lifestyle/decoration-interieure/15-plantes-depolluantes-qui-purifient-l-air-interieur-de-votre-maison-article-6058.html ‚Ä¶;fr;SeLogerVerified account ;@SeLoger;642596570127560704;https://twitter.com/SeLoger/status/642596570127560704;19706626;SeLoger;SeLoger;;3;1;pollution OR pollutions
12 Sep 2015;1442041847;Pollution aux particules. La sant√© des employ√©s de m√©tro menac√©e http://ow.ly/S2uJn ;fr;Santiane ;@Santiane_fr;642596199774715904;https://twitter.com/Santiane_fr/status/642596199774715904;311877747;Santiane;Santiane_fr;;;;pollution OR pollutions
12 Sep 2015;1442041498;D√©charges de #P√©chiney : six mois pour endiguer la pollution - LaRepubliquedesPyrenees.fr http://www.larepubliquedespyrenees.fr/2015/09/12/decharges-de-pechiney-six-mois-pour-endiguer-la-pollution,1275245.php ‚Ä¶;fr;La R√©p des Pyr√©n√©es ;@LaRepDpyrenees;642594734855335936;https://twitter.com/LaRepDpyrenees/status/642594734855335936;75099500;La R√©p des Pyr√©n√©es;LaRepDpyrenees;;1;;pollution OR pollutions
12 Sep 2015;1442041495;Victimes de braconnage ou de pollution, les tortues sont t√©moins de l'√©tat de nos oc√©ans http://sco.lt/6BTBRp ;fr;Revue toxique ;@tooxique;642594725179060224;https://twitter.com/tooxique/status/642594725179060224;229758102;Revue toxique;tooxique;;;;pollution OR pollutions
11 Sep 2015;1442041164;Victoire contre la pollution : les sacs plastiques interdits d√®s le 1er janvier 2016 http://buff.ly/1FCAsM1 ;fr;Gilles Broise ;@GillesBroise;642593332934389760;https://twitter.com/GillesBroise/status/642593332934389760;2424249396;Gilles Broise;GillesBroise;;;1;pollution OR pollutions
11 Sep 2015;1442041152;Victoire contre la pollution : les sacs plastiques interdits d√®s le 1er janvier 2016 http://buff.ly/1FCAvra ;fr;Septi√®me Continent ;@7eContinent;642593284678918144;https://twitter.com/7eContinent/status/642593284678918144;2471116885;Septi√®me Continent;7eContinent;;7;2;pollution OR pollutions
11 Sep 2015;1442041144;Victoire contre la pollution : les sacs plastiques interdits d√®s le 1er janvier 2016 http://buff.ly/1FCAvr9 ;fr;Deixonne Patrick ;@DeixonneP;642593250721853440;https://twitter.com/DeixonneP/status/642593250721853440;3084218481;Deixonne Patrick;DeixonneP;;2;1;pollution OR pollutions
11 Sep 2015;1442041138;Victimes de braconnage ou de pollution, les tortues sont les t√©moins de l‚Äô√©tat de nos oc√©ans http://fb.me/7qdw3BV2s ;fr;infosreg ;@infosreg;642593223932821504;https://twitter.com/infosreg/status/642593223932821504;1239366186;infosreg;infosreg;;;;pollution OR pollutions
11 Sep 2015;1442040767;Le tr√®s dangereux g√¢chis des d√©chets √©lectriques | @scoopit http://sco.lt/8F4hYv  #Environnement #D√©chets #Ecologie #Pollution;fr;Bourdoncle ;@Bourdonclejm;642591670731710468;https://twitter.com/Bourdonclejm/status/642591670731710468;449947267;Bourdoncle;Bourdonclejm;;;;pollution OR pollutions
11 Sep 2015;1442040764;#Liban masque anti pollution et chicha ! Trop forts ces libanais ! ;fr;Valerie Crova ;@valeriecrova;642591658891198464;https://twitter.com/valeriecrova/status/642591658891198464;285623185;Valerie Crova;valeriecrova;;8;2;pollution OR pollutions
11 Sep 2015;1442040440;Du coup vu que GF a dis que le nouveau Pokemon aura un rapport avec les fleurs j'imagine un sc√©nario bas√© sur une sorte de pollution;fr;Jorge Saotome ;@adeninesuts;642590297478852608;https://twitter.com/adeninesuts/status/642590297478852608;2645117892;Jorge Saotome;adeninesuts;4;;;pollution OR pollutions
11 Sep 2015;1442040154;@LetsHaveAFondue gt bien moche quand m√™mesixi√®me, cinqui√®me gt un √©l√©ment de pollution omg;fr;"chamaemelum nobile ;  üçî ";@letshaveafondue;642589098990006273;https://twitter.com/letshaveafondue/status/642589098990006273;1941138672;"chamaemelum nobile ; üçî";letshaveafondue;;;;pollution OR pollutions
11 Sep 2015;1442040112;Enfin, Pollution : les sacs plastiques √† usage unique interdits d√®s le 1er janvier 2016 http://ebx.sh/1MgNhDi ‚Äù;fr;Hatem SEDKAOUI ;@hat1964;642588921826811904;https://twitter.com/hat1964/status/642588921826811904;239944944;Hatem SEDKAOUI;hat1964;;;;pollution OR pollutions
11 Sep 2015;1442038510;Pollution mod√©r√©e (24) √† 5h. Habituel √† #Marseille. Profitez-en pour aller courir http://buff.ly/1J4f6Hv  #airpollution;fr;[ ü§ñ] Plume Marseille ;@PlumeAMarseille;642582204229529601;https://twitter.com/PlumeAMarseille/status/642582204229529601;3067512083;[ü§ñ] Plume Marseille;PlumeAMarseille;;;;pollution OR pollutions
11 Sep 2015;1442038279;Le taux de pollution atmosph√©rique √† Beyrouth a d√©cupl√© #Liban http://www.lorientlejour.com/article/943893/le-taux-de-pollution-atmospherique-dans-la-capitale-a-decuple.html ‚Ä¶;fr;L'Orient-Le Jour ;@LOrientLeJour;642581233298468864;https://twitter.com/LOrientLeJour/status/642581233298468864;64385029;L'Orient-Le Jour;LOrientLeJour;;9;;pollution OR pollutions
11 Sep 2015;1442036735;@SeriouslyFab chaleur √©touffante et pollution...;fr;Little Nemo  üêª ;@LittleNemoInS;642574758668726273;https://twitter.com/LittleNemoInS/status/642574758668726273;91622716;Little Nemo üêª;LittleNemoInS;1;;;pollution OR pollutions
11 Sep 2015;1442035666;Victimes de braconnage ou de pollution, les tortues sont les t√©moins de l‚Äô√©tat de nos oc√©ans http://fb.me/1QU8dt7SR ;fr;infosreg ;@infosreg;642570274689277952;https://twitter.com/infosreg/status/642570274689277952;1239366186;infosreg;infosreg;;;;pollution OR pollutions
11 Sep 2015;1442034911;Pollution mod√©r√©e (26) √† 4h. Habituel √† #Marseille. Profitez-en pour vous promener http://buff.ly/1iE4jyK  #airpollution;fr;[ ü§ñ] Plume Marseille ;@PlumeAMarseille;642567107364933632;https://twitter.com/PlumeAMarseille/status/642567107364933632;3067512083;[ü§ñ] Plume Marseille;PlumeAMarseille;;;;pollution OR pollutions
11 Sep 2015;1442031159;Rock 'n roll ain't noise pollution;fr;ains ‚ì• ;@Ainsley_King97;642551371321839616;https://twitter.com/Ainsley_King97/status/642551371321839616;2696801900;ains ‚ì•;Ainsley_King97;;1;;pollution OR pollutions
11 Sep 2015;1442030272;Victimes de braconnage ou de pollution, les tortues sont les t√©moins de l‚Äô√©tat de nos oc√©ans http://fb.me/Q9gKar0k ;fr;infosreg ;@infosreg;642547652387692545;https://twitter.com/infosreg/status/642547652387692545;1239366186;infosreg;infosreg;;;;pollution OR pollutions
11 Sep 2015;1442029412;Pollution : des taux √©lev√©s dans les couloirs des m√©tros fran√ßais   http://www.pourquoidocteur.fr/Articles/Question-d-actu/12044-Pollution-des-taux-eleves-dans-les-couloirs-des-metros-francais ‚Ä¶;fr;gogolohad ;@galahadriel;642544042950135808;https://twitter.com/galahadriel/status/642544042950135808;1863124496;gogolohad;galahadriel;;;1;pollution OR pollutions
11 Sep 2015;1442026139;Rock n roll ain't noise pollution ACDC - Tutorial Intermedio http://is.gd/Fj1Q2m ;fr;MySong.In ;@MySongIn;642530316905611264;https://twitter.com/MySongIn/status/642530316905611264;921137251;MySong.In;MySongIn;;;;pollution OR pollutions
11 Sep 2015;1442026084;L‚Äô#Alberta se dirige tout droit vers le ciel le plus pollu√© de tout le# Canada http://www.rcinet.ca/fr/2015/09/10/lalberta-se-dirige-tout-droit-vers-le-ciel-le-plus-pollue-de-tout-le-canada/ ‚Ä¶ #pollution #tarsands #fossilfuels;fr;Serge L√©tourneau ;@letourse;642530085921234944;https://twitter.com/letourse/status/642530085921234944;342485485;Serge L√©tourneau;letourse;;;;pollution OR pollutions
11 Sep 2015;1442025164;Victimes de braconnage ou de pollution, les tortues sont les t√©moins de l‚Äô√©tat de nos oc√©ans http://fb.me/7vV522PhF ;fr;infosreg ;@infosreg;642526227513786369;https://twitter.com/infosreg/status/642526227513786369;1239366186;infosreg;infosreg;;;;pollution OR pollutions
11 Sep 2015;1442025155;P√©daler pr√®s des lotus en fleur (et dans la pollution...) #china #velo #modepommesrougesactiv√© https://instagram.com/p/7g48cpJXhE/ ;fr;ciloubidouille ;@ciloubidouille;642526188691410944;https://twitter.com/ciloubidouille/status/642526188691410944;8953352;ciloubidouille;ciloubidouille;;;;pollution OR pollutions
11 Sep 2015;1442020509;Pollution mod√©r√©e (43) √† 21h. Habituel √† #Marseille. Profitez-en pour aller courir http://buff.ly/1iDB6UH  #airpollution;fr;[ ü§ñ] Plume Marseille ;@PlumeAMarseille;642506702231851008;https://twitter.com/PlumeAMarseille/status/642506702231851008;3067512083;[ü§ñ] Plume Marseille;PlumeAMarseille;;;;pollution OR pollutions
11 Sep 2015;1442019921;Victimes de braconnage ou de pollution, les tortues sont les t√©moins de l‚Äô√©tat de nos oc√©ans http://fb.me/6PpFFEmiX ;fr;infosreg ;@infosreg;642504236777889792;https://twitter.com/infosreg/status/642504236777889792;1239366186;infosreg;infosreg;;;;pollution OR pollutions
11 Sep 2015;1442019435;Agriculteur fran√ßais intoxiqu√©: la responsabilit√© de Monsanto confirm√©e | Pollution http://fb.me/4nFe0WgbZ ;fr;Line Leclerc ;@LineLeclerc;642502196987203585;https://twitter.com/LineLeclerc/status/642502196987203585;350357207;Line Leclerc;LineLeclerc;;;;pollution OR pollutions
11 Sep 2015;1442017974;@MyriamBoujbel c est parmi les solutions qu il faut adopter  au moins comme r√©solution a court terme de probl√®me de pollution;fr;Mabrouk Alibi ;@AlibiMabrouk;642496070921097216;https://twitter.com/AlibiMabrouk/status/642496070921097216;2442529288;Mabrouk Alibi;AlibiMabrouk;;;;pollution OR pollutions
11 Sep 2015;1442017922;Pollution : les sacs plastiques √† usage unique interdits d√®s le 1er janvier 2016 - Le Parisien http://fb.me/2iy2Afjrj ;fr;Rom Ain ;@cyberdeedjy;642495850246238208;https://twitter.com/cyberdeedjy/status/642495850246238208;71985881;Rom Ain;cyberdeedjy;;;;pollution OR pollutions
